scenario,component,source_table,source_column,raw_unit,country,credit,environmental_included,environmental_unit,environmental_multiplier,social_factor_key,social_unit,social_multiplier,electricity_fraction,grid_weight_column
BAU,Battery_Production_packs,BAU_vehicle_flows,manufactured_packs,pack,JPN,0,1,kg,86.6,df_Battery_Production,pack,1.0,0.0,
Circular,Battery_Production_packs,Circular_vehicle_flows,manufactured_packs,pack,JPN,0,1,kg,86.6,df_Battery_Production,pack,1.0,0.0,
BAU,Electricity_Japan_PHEV_service,BAU_vehicle_flows,required_input_kWh_Japan_service,kWh,JPN,0,1,kWh,1.0,df_japan_electricity,1000kWh,0.001,0.0,
Circular,Electricity_Japan_PHEV_service,Circular_vehicle_flows,required_input_kWh_Japan_service,kWh,JPN,0,1,kWh,1.0,df_japan_electricity,1000kWh,0.001,0.0,
BAU,Electricity_Mongolia_PHEV_service,BAU_vehicle_flows,required_input_kWh_Mongolia_service,kWh,MNG,0,1,kWh,1.0,df_mongolia_electricity,1000kWh,0.001,0.0,
Circular,Electricity_Mongolia_PHEV_service,Circular_vehicle_flows,required_input_kWh_Mongolia_service,kWh,MNG,0,1,kWh,1.0,df_mongolia_electricity,1000kWh,0.001,0.0,
BAU,Electricity_Kenya_PHEV_service,BAU_vehicle_flows,required_input_kWh_Kenya_service,kWh,KEN,0,1,kWh,1.0,df_kenya_electricity,1000kWh,0.001,0.0,
Circular,Electricity_Kenya_PHEV_service,Circular_vehicle_flows,required_input_kWh_Kenya_service,kWh,KEN,0,1,kWh,1.0,df_kenya_electricity,1000kWh,0.001,0.0,
BAU,Electricity_New Zealand_PHEV_service,BAU_vehicle_flows,required_input_kWh_New Zealand_service,kWh,NZL,0,1,kWh,1.0,df_newzealand_electricity,1000kWh,0.001,0.0,
Circular,Electricity_New Zealand_PHEV_service,Circular_vehicle_flows,required_input_kWh_New Zealand_service,kWh,NZL,0,1,kWh,1.0,df_newzealand_electricity,1000kWh,0.001,0.0,
BAU,Electricity_Australia_PHEV_service,BAU_vehicle_flows,required_input_kWh_Australia_service,kWh,AUS,0,1,kWh,1.0,df_australia_electricity,1000kWh,0.001,0.0,
Circular,Electricity_Australia_PHEV_service,Circular_vehicle_flows,required_input_kWh_Australia_service,kWh,AUS,0,1,kWh,1.0,df_australia_electricity,1000kWh,0.001,0.0,
Circular,Electricity_Japan_BESS_operation,Circular_stationary_storage,LiB_required_input_kWh,kWh,JPN,0,1,kWh,1.0,df_japan_electricity,1000kWh,0.001,0.0,
BAU,Electricity_Japan_LFP_stationary,BAU_stationary_storage,lfp_required_input_kWh,kWh,JPN,0,1,kWh,1.0,df_japan_electricity,1000kWh,0.001,0.0,
BAU,LFP_Module_Production,BAU_stationary_storage,lfp_additions_modules,module,JPN,0,1,kg,27.0,df_LFP_production,module,1.0,0.0,
BAU,LFP_Disposal_Japan,BAU_stationary_storage,lfp_disposed_modules,module,JPN,0,1,module,1.0,df_lfp_disposal,module,1.0,0.0,
BAU,NMC_Disposal_Japan,BAU_vehicle_flows,disposed_packs_Japan,pack,JPN,0,1,pack,1.0,df_NMC_disposal,pack,1.0,0.0,
Circular,NMC_Disposal_Japan,Circular_vehicle_flows,disposed_packs_Japan_outside,pack,JPN,0,1,pack,1.0,df_NMC_disposal,pack,1.0,0.0,
BAU,Blackmass_Processing_Japan_for_export,BAU_vehicle_flows,bm_processed_packs_Japan,pack,JPN,0,0,pack,1.0,df_Blackmass_production_JP,pack,1.0,0.0,
Circular,Blackmass_Processing_Japan_for_export,Circular_vehicle_flows,bm_processed_packs_Japan_outside,pack,JPN,0,0,pack,1.0,df_Blackmass_production_JP,pack,1.0,0.0,
BAU,Blackmass_Processing_Australia,BAU_vehicle_flows,bm_processed_packs_Australia,pack,AUS,0,0,pack,1.0,df_Blackmass_production_AU,pack,1.0,0.0,
Circular,Blackmass_Processing_Australia,Circular_vehicle_flows,bm_processed_packs_Australia,pack,AUS,0,0,pack,1.0,df_Blackmass_production_AU,pack,1.0,0.0,
BAU,Hydromet_Korea_from_Japan_BM,BAU_vehicle_flows,bm_packs_Japan_to_Korea,pack,KOR,0,1,pack,1.0,df_hydro_JP_KR,pack,1.0,0.4,bm_packs_Japan_to_Korea
Circular,Hydromet_Korea_from_Japan_BM,Circular_vehicle_flows,bm_packs_Japan_to_Korea,pack,KOR,0,1,pack,1.0,df_hydro_JP_KR,pack,1.0,0.4,bm_packs_Japan_to_Korea
BAU,Hydromet_Korea_from_Australia_BM,BAU_vehicle_flows,bm_packs_Australia_to_Korea,pack,KOR,0,1,pack,1.0,df_hydro_AU_KR,pack,1.0,0.4,bm_packs_Australia_to_Korea
Circular,Hydromet_Korea_from_Australia_BM,Circular_vehicle_flows,bm_packs_Australia_to_Korea,pack,KOR,0,1,pack,1.0,df_hydro_AU_KR,pack,1.0,0.4,bm_packs_Australia_to_Korea
BAU,Hydromet_China_from_Japan_BM,BAU_vehicle_flows,bm_packs_Japan_to_China,pack,CHN,0,1,pack,1.0,df_hydro_JP_CN,pack,1.0,0.4,bm_packs_Japan_to_China
Circular,Hydromet_China_from_Japan_BM,Circular_vehicle_flows,bm_packs_Japan_to_China,pack,CHN,0,1,pack,1.0,df_hydro_JP_CN,pack,1.0,0.4,bm_packs_Japan_to_China
BAU,Recycling_Japan_BMplusHydro,BAU_vehicle_flows,hydromet_packs_Japan,pack,JPN,0,1,pack,1.0,df_Hydro_Japan,pack,1.0,0.0,
Circular,Recycling_Japan_BMplusHydro,Circular_vehicle_flows,hydromet_packs_Japan,pack,JPN,0,1,pack,1.0,df_Hydro_Japan,pack,1.0,0.0,
Circular,VirginMakeup_NiSO4_Korea,primary_material_makeup,NiSO4_kg_virgin_makeup_Korea,kg,KOR,0,1,kg,1.0,df_nickel_sulphate_proc_Korea,kg,1.0,0.55,hydromet_packs_Korea
Circular,VirginMakeup_CoSO4_Korea,primary_material_makeup,CoSO4_kg_virgin_makeup_Korea,kg,KOR,0,1,kg,1.0,df_cobalt_sulphate_proc_Korea,kg,1.0,0.55,hydromet_packs_Korea
Circular,VirginMakeup_Li2CO3_Korea,primary_material_makeup,Li2CO3_kg_virgin_makeup_Korea,kg,KOR,0,1,kg,1.0,df_Li_carbonate_proc_Korea,kg,1.0,0.55,hydromet_packs_Korea
Circular,VirginMakeup_NiSO4_China,primary_material_makeup,NiSO4_kg_virgin_makeup_China,kg,CHN,0,1,kg,1.0,df_nickel_sulphate_proc_China,kg,1.0,0.55,hydromet_packs_China
Circular,VirginMakeup_CoSO4_China,primary_material_makeup,CoSO4_kg_virgin_makeup_China,kg,CHN,0,1,kg,1.0,df_cobalt_sulphate_proc_China,kg,1.0,0.55,hydromet_packs_China
Circular,VirginMakeup_Li2CO3_China,primary_material_makeup,Li2CO3_kg_virgin_makeup_China,kg,CHN,0,1,kg,1.0,df_Li_carbonate_proc_China,kg,1.0,0.55,hydromet_packs_China
BAU,Avoided_vergin_NiSO4_JP,BAU_vehicle_flows,NiSO4_kg_Japan,kg,JPN,1,1,kg,1.0,df_recycled_Ni_JP,kg,1.0,0.0,
Circular,Avoided_vergin_NiSO4_JP,Circular_vehicle_flows,NiSO4_kg_Japan,kg,JPN,1,1,kg,1.0,df_recycled_Ni_JP,kg,1.0,0.0,
BAU,Avoided_vergin_CoSO4_JP,BAU_vehicle_flows,CoSO4_kg_Japan,kg,JPN,1,1,kg,1.0,df_recycled_Co_JP,kg,1.0,0.0,
Circular,Avoided_vergin_CoSO4_JP,Circular_vehicle_flows,CoSO4_kg_Japan,kg,JPN,1,1,kg,1.0,df_recycled_Co_JP,kg,1.0,0.0,
BAU,Avoided_vergin_Li2CO3_JP,BAU_vehicle_flows,Li2CO3_kg_Japan,kg,JPN,1,1,kg,1.0,df_recycled_Li_JP,kg,1.0,0.0,
Circular,Avoided_vergin_Li2CO3_JP,Circular_vehicle_flows,Li2CO3_kg_Japan,kg,JPN,1,1,kg,1.0,df_recycled_Li_JP,kg,1.0,0.0,
BAU,Avoided_vergin_NiSO4_KR,BAU_vehicle_flows,NiSO4_kg_Korea,kg,KOR,1,1,kg,1.0,df_recycled_Ni_KR,kg,1.0,0.55,hydromet_packs_Korea
Circular,Avoided_vergin_NiSO4_KR,Circular_vehicle_flows,NiSO4_kg_Korea,kg,KOR,1,1,kg,1.0,df_recycled_Ni_KR,kg,1.0,0.55,hydromet_packs_Korea
BAU,Avoided_vergin_CoSO4_KR,BAU_vehicle_flows,CoSO4_kg_Korea,kg,KOR,1,1,kg,1.0,df_recycled_Co_KR,kg,1.0,0.55,hydromet_packs_Korea
Circular,Avoided_vergin_CoSO4_KR,Circular_vehicle_flows,CoSO4_kg_Korea,kg,KOR,1,1,kg,1.0,df_recycled_Co_KR,kg,1.0,0.55,hydromet_packs_Korea
BAU,Avoided_vergin_Li2CO3_KR,BAU_vehicle_flows,Li2CO3_kg_Korea,kg,KOR,1,1,kg,1.0,df_recycled_Li_KR,kg,1.0,0.55,hydromet_packs_Korea
Circular,Avoided_vergin_Li2CO3_KR,Circular_vehicle_flows,Li2CO3_kg_Korea,kg,KOR,1,1,kg,1.0,df_recycled_Li_KR,kg,1.0,0.55,hydromet_packs_Korea
BAU,Avoided_vergin_NiSO4_CN,BAU_vehicle_flows,NiSO4_kg_China,kg,CHN,1,1,kg,1.0,df_recycled_Ni_CN,kg,1.0,0.55,hydromet_packs_China
Circular,Avoided_vergin_NiSO4_CN,Circular_vehicle_flows,NiSO4_kg_China,kg,CHN,1,1,kg,1.0,df_recycled_Ni_CN,kg,1.0,0.55,hydromet_packs_China
BAU,Avoided_vergin_CoSO4_CN,BAU_vehicle_flows,CoSO4_kg_China,kg,CHN,1,1,kg,1.0,df_recycled_Co_CN,kg,1.0,0.55,hydromet_packs_China
Circular,Avoided_vergin_CoSO4_CN,Circular_vehicle_flows,CoSO4_kg_China,kg,CHN,1,1,kg,1.0,df_recycled_Co_CN,kg,1.0,0.55,hydromet_packs_China
BAU,Avoided_vergin_Li2CO3_CN,BAU_vehicle_flows,Li2CO3_kg_China,kg,CHN,1,1,kg,1.0,df_recycled_Li_CN,kg,1.0,0.55,hydromet_packs_China
Circular,Avoided_vergin_Li2CO3_CN,Circular_vehicle_flows,Li2CO3_kg_China,kg,CHN,1,1,kg,1.0,df_recycled_Li_CN,kg,1.0,0.55,hydromet_packs_China
